{
  "coeffs": [
    0.017228019778696646,
    0.011328408349440981,
    -0.002139449338533688,
    0.0008671441779877321,
    -0.0003796413100900479,
    0.0002212995803900341
  ],
  "degree": 5,
  "max_var": 0.0007262356113505401,
  "rmse": 0.0001268138179449311,
  "max_error": 0.0013999053943999406
}