{
  "bias": 0.00011691286771168982,
  "linear": [
    8.082766428884536e-05,
    2.3302246424021267e-06,
    1.2450893918020006e-05,
    7.750151117612563e-06,
    1.0018136344898718e-05,
    8.354618631046622e-06,
    1.4586049366068002e-05,
    1.0560049578110245e-05,
    1.2248473155170331e-05,
    3.092429406322806e-05,
    8.180730650519784e-06,
    5.436225952529163e-06,
    1.1391031809419604e-05,
    1.3183361867844289e-05,
    7.014881224607282e-06
  ],
  "quadratic": [
    [
      2.32799705045704e-05,
      2.909268050188496e-07,
      1.6915649250753e-06,
      1.0183640540323826e-06,
      1.4762811902224026e-06,
      1.3984377616926823e-06,
      1.6419932058412923e-06,
      1.442832189854777e-06,
      1.4132242562839049e-06,
      3.5532815247730233e-06,
      1.3866280298343606e-06,
      6.593387031500618e-07,
      1.3137804901876049e-06,
      1.5829195645969991e-06,
      9.034508545743861e-07
    ],
    [
      2.909268050188496e-07,
      3.003221113749145e-08,
      5.611343947778622e-08,
      3.621252428504185e-08,
      4.589712950351416e-08,
      4.283836930304876e-08,
      9.8554115517072e-08,
      4.853109515609433e-08,
      6.54574133041483e-08,
      1.3833454580523708e-07,
      4.32329907078998e-08,
      3.544641599702126e-08,
      6.414885343651514e-08,
      6.851138415857858e-08,
      3.2071624728321905e-08
    ],
    [
      1.6915649250752997e-06,
      5.611343947778622e-08,
      8.787498376481878e-07,
      2.506872527292154e-07,
      4.6308773589183314e-07,
      2.3839413145693715e-07,
      3.437618421017824e-07,
      5.639233303449397e-07,
      2.788511285497642e-07,
      6.757214732052779e-07,
      2.1375500618801688e-07,
      1.6135266394697299e-07,
      2.63659609109365e-07,
      2.756553979300651e-07,
      2.203353297692759e-07
    ],
    [
      1.0183640540323826e-06,
      3.621252428504185e-08,
      2.506872527292154e-07,
      3.088206122985256e-07,
      2.07189723872973e-07,
      1.5027801249495802e-07,
      2.559394540363601e-07,
      2.096522633582734e-07,
      2.1870994591125434e-07,
      4.869721957342384e-07,
      1.3879276189214354e-07,
      9.930300971118234e-08,
      1.7564986199451932e-07,
      1.76737045026456e-07,
      2.4824458259943474e-07
    ],
    [
      1.4762811902224026e-06,
      4.589712950351416e-08,
      4.6308773589183314e-07,
      2.07189723872973e-07,
      4.791508888753117e-07,
      1.9528513440772198e-07,
      2.849013049854921e-07,
      3.838462353285874e-07,
      2.3700566571585992e-07,
      5.500502051867792e-07,
      1.8416228382501462e-07,
      1.2110268717171565e-07,
      2.0727866502403288e-07,
      2.379177945959244e-07,
      1.828679336253952e-07
    ],
    [
      1.3984377616926825e-06,
      4.283836930304876e-08,
      2.3839413145693717e-07,
      1.50278012494958e-07,
      1.9528513440772198e-07,
      3.4248896446528175e-07,
      2.4147726485330246e-07,
      2.0480469035944423e-07,
      2.0926172834525394e-07,
      4.5756065211540555e-07,
      1.9043454649628679e-07,
      1.0058671085968163e-07,
      1.8729919352512133e-07,
      2.1702477294647588e-07,
      1.3947584604507962e-07
    ],
    [
      1.6419932058412923e-06,
      9.855411551707198e-08,
      3.437618421017824e-07,
      2.559394540363601e-07,
      2.849013049854921e-07,
      2.4147726485330246e-07,
      9.99943188517201e-07,
      2.9547068231910465e-07,
      4.579092502795679e-07,
      8.419963502592893e-07,
      2.4871501280370745e-07,
      2.3974236763159394e-07,
      4.5857309124673217e-07,
      4.5702932533644265e-07,
      2.353966266166857e-07
    ],
    [
      1.442832189854777e-06,
      4.853109515609433e-08,
      5.639233303449398e-07,
      2.096522633582734e-07,
      3.8384623532858747e-07,
      2.0480469035944423e-07,
      2.9547068231910465e-07,
      5.238706015638871e-07,
      2.5646956249418006e-07,
      6.066562436649815e-07,
      1.8214826264828055e-07,
      1.3369391994888326e-07,
      2.3326033079512504e-07,
      2.482247979862695e-07,
      1.8608334236789966e-07
    ],
    [
      1.4132242562839049e-06,
      6.54574133041483e-08,
      2.788511285497642e-07,
      2.1870994591125434e-07,
      2.3700566571585994e-07,
      2.0926172834525397e-07,
      4.579092502795679e-07,
      2.5646956249418e-07,
      7.081790143456561e-07,
      7.966986248523747e-07,
      2.102154629108807e-07,
      1.6068892313082268e-07,
      3.9001664587108635e-07,
      3.5500688675022034e-07,
      2.0466925173792423e-07
    ],
    [
      3.5532815247730233e-06,
      1.3833454580523708e-07,
      6.757214732052779e-07,
      4.869721957342383e-07,
      5.500502051867792e-07,
      4.575606521154055e-07,
      8.419963502592893e-07,
      6.066562436649814e-07,
      7.966986248523747e-07,
      3.701380650095565e-06,
      4.732635243106721e-07,
      3.057755251050864e-07,
      7.044213017963975e-07,
      7.637205755307854e-07,
      4.2367118986566175e-07
    ],
    [
      1.3866280298343604e-06,
      4.3232990707899796e-08,
      2.1375500618801685e-07,
      1.3879276189214354e-07,
      1.8416228382501462e-07,
      1.9043454649628679e-07,
      2.4871501280370745e-07,
      1.8214826264828055e-07,
      2.102154629108807e-07,
      4.732635243106721e-07,
      2.8971297084487904e-07,
      9.376450862336049e-08,
      1.9340341668802708e-07,
      2.1410862685269748e-07,
      1.2343989541989918e-07
    ],
    [
      6.593387031500619e-07,
      3.544641599702126e-08,
      1.6135266394697299e-07,
      9.930300971118234e-08,
      1.2110268717171563e-07,
      1.0058671085968164e-07,
      2.397423676315939e-07,
      1.3369391994888326e-07,
      1.6068892313082268e-07,
      3.057755251050864e-07,
      9.376450862336049e-08,
      1.7787365708635982e-07,
      1.5352830079041017e-07,
      1.649330879765608e-07,
      9.331341039810513e-08
    ],
    [
      1.3137804901876049e-06,
      6.414885343651516e-08,
      2.6365960910936506e-07,
      1.756498619945193e-07,
      2.0727866502403288e-07,
      1.8729919352512133e-07,
      4.585730912467322e-07,
      2.3326033079512507e-07,
      3.900166458710863e-07,
      7.044213017963975e-07,
      1.9340341668802708e-07,
      1.5352830079041014e-07,
      6.161885366997829e-07,
      3.91320404382104e-07,
      1.7006592851133673e-07
    ],
    [
      1.5829195645969994e-06,
      6.851138415857857e-08,
      2.756553979300651e-07,
      1.76737045026456e-07,
      2.3791779459592444e-07,
      2.1702477294647588e-07,
      4.570293253364426e-07,
      2.482247979862695e-07,
      3.550068867502203e-07,
      7.637205755307856e-07,
      2.1410862685269748e-07,
      1.649330879765608e-07,
      3.91320404382104e-07,
      1.0982702323405415e-06,
      1.7407239293934516e-07
    ],
    [
      9.034508545743861e-07,
      3.2071624728321905e-08,
      2.203353297692759e-07,
      2.4824458259943474e-07,
      1.8286793362539522e-07,
      1.3947584604507962e-07,
      2.353966266166857e-07,
      1.8608334236789964e-07,
      2.0466925173792425e-07,
      4.2367118986566175e-07,
      1.2343989541989918e-07,
      9.331341039810513e-08,
      1.7006592851133673e-07,
      1.7407239293934518e-07,
      2.703336817264445e-07
    ]
  ],
  "n": 15,
  "source": "classical_w_sigma_w_standardized",
  "note": "f(z) = bias + a'z + z'Qz  where z = StandardScaler(w)"
}