{
  "tangency": {
    "classical_plaintext": {
      "mode": "classical_plaintext",
      "variance": 0.00020764979758148866,
      "sigma_p": 0.014410058902776513,
      "cheby_sigma_p": 0.017230372028155378,
      "mu_p": 0.0008407700075529388,
      "var_95": 0.022861667643263372,
      "es_95_gaussian": 0.028883043048140572,
      "es_95_hist": 0.03342992091296263,
      "sharpe": 0.0473308161595394,
      "ann_return_pct": 21.187404190334057,
      "ann_vol_pct": 22.87525934072336,
      "ann_sharpe": 0.7513534134471509,
      "MRC": [
        0.019409315011002886,
        0.006464893949797144,
        0.013466784943322957,
        0.00883740922942767,
        0.011535464333083664,
        0.010845745203653253,
        0.004891999516276727,
        0.011769979537650748,
        0.005551553103205968,
        0.008941099447788372,
        0.010482432658097944,
        0.0060320927999873925,
        0.00536259726433284,
        0.0051463848136036605,
        0.007712877797832214
      ],
      "CRC": [
        0.01031908264637889,
        0.00025202703109712357,
        0.0,
        0.0,
        0.0,
        0.0,
        0.0,
        0.0,
        1.1767156603246701e-19,
        0.003838949224300498,
        0.0,
        0.0,
        0.0,
        0.0,
        0.0
      ],
      "CRC_pct": [
        71.61027387882935,
        1.7489660021345461,
        0.0,
        0.0,
        0.0,
        0.0,
        0.0,
        0.0,
        8.165932341178301e-16,
        26.64076011209652,
        0.0,
        0.0,
        0.0,
        0.0,
        0.0
      ],
      "runtime_ms": 0.758777023293078,
      "encrypted": false
    },
    "classical_encrypted": {
      "mode": "classical_encrypted",
      "variance": 0.00020767502451936917,
      "sigma_p": 0.01441093420009158,
      "cheby_sigma_p": 0.01723037231391402,
      "mu_p": 0.0008407700075529388,
      "var_95": 0.02750067038671278,
      "es_95_gaussian": 0.034700539642478864,
      "es_95_hist": 0.03342992091296263,
      "sharpe": 0.04732794136074244,
      "ann_return_pct": 21.187404190334057,
      "ann_vol_pct": 22.87664883213471,
      "ann_sharpe": 0.7513077774310343,
      "MRC": [
        0.01940813611995534,
        0.0064645012823796475,
        0.013465966992138183,
        0.008836872459190383,
        0.011534763687253358,
        0.010845086450270287,
        0.004891702383975506,
        0.011769264647738411,
        0.005551215910664674,
        0.008940556379571475,
        0.010481795971743472,
        0.006031726420226136,
        0.005362271548669874,
        0.005146072230342451,
        0.0077124093298527145
      ],
      "CRC": [
        0.010318455881645369,
        0.0002520117233744898,
        0.0,
        0.0,
        0.0,
        0.0,
        0.0,
        0.0,
        1.176644188479493e-19,
        0.003838716052605879,
        0.0,
        0.0,
        0.0,
        0.0,
        0.0
      ],
      "CRC_pct": [
        71.61027387882903,
        1.7489660021345388,
        0.0,
        0.0,
        0.0,
        0.0,
        0.0,
        0.0,
        8.165932341178266e-16,
        26.640760112096405,
        0.0,
        0.0,
        0.0,
        0.0,
        0.0
      ],
      "runtime_ms": 8617.3167169909,
      "timings": {
        "context_build_ms": 1168.412821018137,
        "encryption_ms": 3490.9867900423706,
        "carol_eval_ms": 3947.747739031911,
        "decryption_ms": 8.675669028889388,
        "total_ms": 8617.3167169909
      },
      "ckks_params": {
        "poly_modulus_degree": 16384,
        "coeff_mod_bit_sizes": [
          60,
          40,
          40,
          40,
          40,
          60
        ],
        "scale_exp": 40,
        "levels_available": 5,
        "levels_consumed": 1
      },
      "encrypted": true
    },
    "accuracy": {
      "variance": {
        "label": "Portfolio Variance \u03c3\u00b2_p",
        "plaintext": 0.00020764979758148866,
        "encrypted": 0.00020767502451936917,
        "abs_error": 2.5226937880502582e-08,
        "rel_error_pct": 0.01214879001718642,
        "threshold_pct": 0.1,
        "pass": true
      },
      "sigma_p": {
        "label": "Portfolio Volatility \u03c3_p",
        "plaintext": 0.014410058902776513,
        "encrypted": 0.01441093420009158,
        "abs_error": 8.752973150675386e-07,
        "rel_error_pct": 0.006074210528718102,
        "threshold_pct": 0.1,
        "pass": true
      },
      "mu_p": {
        "label": "Portfolio Return \u03bc_p",
        "plaintext": 0.0008407700075529388,
        "encrypted": 0.0008407700075529388,
        "abs_error": 0.0,
        "rel_error_pct": 0.0,
        "threshold_pct": 0.5,
        "pass": true
      },
      "sharpe": {
        "label": "Sharpe Ratio",
        "plaintext": 0.0473308161595394,
        "encrypted": 0.04732794136074244,
        "abs_error": 2.874798796959066e-06,
        "rel_error_pct": 0.006073841590367443,
        "threshold_pct": 1.0,
        "pass": true
      },
      "var_95": {
        "label": "VaR 95% (parametric)",
        "plaintext": 0.022861667643263372,
        "encrypted": 0.02750067038671278,
        "abs_error": 0.004639002743449409,
        "rel_error_pct": 20.291620085791738,
        "threshold_pct": 0.5,
        "pass": false
      },
      "es_95_gaussian": {
        "label": "ES 95% (Gaussian)",
        "plaintext": 0.028883043048140572,
        "encrypted": 0.034700539642478864,
        "abs_error": 0.005817496594338292,
        "rel_error_pct": 20.141563978006104,
        "threshold_pct": 0.5,
        "pass": false
      },
      "ann_sharpe": {
        "label": "Annualised Sharpe",
        "plaintext": 0.7513534134471509,
        "encrypted": 0.7513077774310343,
        "abs_error": 4.56360161166236e-05,
        "rel_error_pct": 0.006073841590370703,
        "threshold_pct": 1.0,
        "pass": true
      },
      "crc_max_delta_pct": 3.126388037344441e-13,
      "overall_gate": true,
      "summary": "\u2713 CKKS encryption is accurate \u2014 all metrics within tolerance"
    }
  },
  "min_variance": {
    "classical_plaintext": {
      "mode": "classical_plaintext",
      "variance": 8.224357866215265e-05,
      "sigma_p": 0.009068824546883276,
      "cheby_sigma_p": 0.017228951453069085,
      "mu_p": 0.00037973850101095236,
      "var_95": 0.014537150447116553,
      "es_95_gaussian": 0.018326642040882905,
      "es_95_hist": 0.02098379756940309,
      "sharpe": 0.024370119976836295,
      "ann_return_pct": 9.569410225476,
      "ann_vol_pct": 14.396312660838703,
      "ann_sharpe": 0.386863661277096,
      "MRC": [
        0.009564312086081328,
        0.009072746835464138,
        0.013912969711108362,
        0.010067781732692111,
        0.01155822961822664,
        0.010455338666470184,
        0.00868989286414282,
        0.012449404602346288,
        0.009103169433021007,
        0.009155936579733586,
        0.010218913061904897,
        0.008916580687368655,
        0.009226589700439653,
        0.009267764337173086,
        0.009272752187044833
      ],
      "CRC": [
        5.048662097998291e-21,
        0.0004891475110538711,
        0.0,
        0.0,
        0.0,
        2.728936349956065e-20,
        0.001947273085431683,
        0.0,
        0.0016220898846722148,
        0.0014871629812251521,
        0.0,
        0.00011448830680706595,
        0.0015532152654877073,
        0.0018554475112055801,
        0.0
      ],
      "CRC_pct": [
        5.567052347190229e-17,
        5.393725598340952,
        0.0,
        0.0,
        0.0,
        3.0091400884957363e-16,
        21.472166269893393,
        0.0,
        17.886440257901846,
        16.39862998271647,
        0.0,
        1.2624382158370533,
        17.12697447676951,
        20.459625187513968,
        0.0
      ],
      "runtime_ms": 0.7063939701765776,
      "encrypted": false
    },
    "classical_encrypted": {
      "mode": "classical_encrypted",
      "variance": 8.224179335160118e-05,