{
  "generated_at": "2026-04-09T17:44:00.548217",
  "portfolio": "equal_weight",
  "tickers": [
    "AAPL",
    "ABT",
    "BAC",
    "CVX",
    "GS",
    "INTC",
    "JNJ",
    "JPM",
    "KO",
    "MCD",
    "MSFT",
    "PFE",
    "PG",
    "WMT",
    "XOM"
  ],
  "n_assets": 15,
  "classical_plaintext": {
    "mode": "classical_plaintext",
    "variance": 0.00014524712227010787,
    "sigma_p": 0.012051851404249385,
    "cheby_sigma_p": 0.017229665152276582,
    "mu_p": 0.0003936517431233414,
    "var_95": 0.01942987975063646,
    "es_95_gaussian": 0.02446585650259821,
    "es_95_hist": 0.029380230543331384,
    "sharpe": 0.019492572260794608,
    "ann_return_pct": 9.920023926708204,
    "ann_vol_pct": 19.13172099212906,
    "ann_sharpe": 0.3094349916901116,
    "MRC": [
      0.01318872630229564,
      0.008677831863069021,
      0.023038749800078234,
      0.013534705754216609,
      0.017712228721906628,
      0.013867765691576722,
      0.007239720889066121,
      0.018994312971905576,
      0.007698981119059462,
      0.008213422290026239,
      0.012510648824465464,
      0.009449458055894183,
      0.00748360406289143,
      0.006964698790755924,
      0.012202915911533628
    ],
    "CRC": [
      0.0008792484201530422,
      0.0005785221242046012,
      0.0015359166533385482,
      0.0009023137169477735,
      0.001180815248127108,
      0.0009245177127717811,
      0.0004826480592710745,
      0.0012662875314603712,
      0.0005132654079372972,
      0.0005475614860017491,
      0.0008340432549643639,
      0.0006299638703929452,
      0.0004989069375260952,
      0.0004643132527170614,
      0.0008135277274355749
    ],
    "CRC_pct": [
      7.295546473822488,
      4.800275947649162,
      12.744238223821744,
      7.4869303203458415,
      9.797791297947482,
      7.671167539004036,
      4.0047627794423075,
      10.506995887900578,
      4.258809627841278,
      4.543380661071569,
      6.920457504730658,
      5.227112824929329,
      4.139670501995939,
      3.8526300826555846,
      6.750230318544513
    ],
    "runtime_ms": 0.5920210387557745,
    "encrypted": false
  },
  "classical_encrypted": {
    "mode": "classical_encrypted",
    "variance": 0.00014522162827669422,
    "sigma_p": 0.01205079367828917,
    "cheby_sigma_p": 0.017229664863486056,
    "mu_p": 0.0003936517431233414,
    "var_95": 0.02794662499874005,
    "es_95_gaussian": 0.035146198639850024,
    "es_95_hist": 0.029380230543331384,
    "sharpe": 0.019494283168827748,
    "ann_return_pct": 9.920023926708204,
    "ann_vol_pct": 19.13004190422147,
    "ann_sharpe": 0.3094621515131424,
    "MRC": [
      0.013189883907227178,
      0.008678593536389818,
      0.023040771964294382,
      0.013535893726562753,
      0.01771378336508043,
      0.013868982897361878,
      0.0072403563360692695,
      0.018995980146571535,
      0.0076996568763924265,
      0.008214143201047502,
      0.012511746912972571,
      0.009450287456625924,
      0.00748426091608334,
      0.006965310098435078,
      0.012203986989613086
    ],
    "CRC": [
      0.0008793255938151449,
      0.0005785729024259876,
      0.0015360514642862916,
      0.0009023929151041831,
      0.0011809188910053615,
      0.0009245988598241248,
      0.00048269042240461777,
      0.0012663986764381019,
      0.0005133104584261615,
      0.0005476095467364998,
      0.0008341164608648377,
      0.0006300191637750613,
      0.0004989507277388891,
      0.00046435400656233834,
      0.0008135991326408721
    ],
    "CRC_pct": [
      7.295546473822542,
      4.800275947649197,
      12.74423822382184,
      7.486930320345897,
      9.797791297947555,
      7.6711675390040925,
      4.004762779442337,
      10.506995887900656,
      4.25880962784131,
      4.543380661071603,
      6.920457504730708,
      5.2271128249293675,
      4.139670501995969,
      3.852630082655613,
      6.750230318544564
    ],
    "runtime_ms": 7880.3252600482665,
    "timings": {
      "context_build_ms": 1015.5507549643517,
      "encryption_ms": 3359.535855008289,
      "carol_eval_ms": 3493.351980985608,
      "decryption_ms": 9.502600994892418,
      "total_ms": 7880.3252600482665
    },
    "ckks_params": {
      "poly_modulus_degree": 16384,
      "coeff_mod_bit_sizes": [
        60,
        40,
        40,
        40,
        40,
        60
      ],
      "scale_exp": 40,
      "levels_available": 5,
      "levels_consumed": 1
    },
    "encrypted": true
  },
  "accuracy": {
    "variance": {
      "label": "Portfolio Variance \u03c3\u00b2_p",
      "plaintext": 0.00014524712227010787,
      "encrypted": 0.00014522162827669422,
      "abs_error": 2.5493993413653335e-08,
      "rel_error_pct": 0.017552150440879908,
      "threshold_pct": 0.1,
      "pass": true
    },
    "sigma_p": {
      "label": "Portfolio Volatility \u03c3_p",
      "plaintext": 0.012051851404249385,
      "encrypted": 0.01205079367828917,
      "abs_error": 1.0577259602143063e-06,
      "rel_error_pct": 0.008776460352311373,
      "threshold_pct": 0.1,
      "pass": true
    },
    "mu_p": {
      "label": "Portfolio Return \u03bc_p",
      "plaintext": 0.0003936517431233414,
      "encrypted": 0.0003936517431233414,
      "abs_error": 0.0,
      "rel_error_pct": 0.0,
      "threshold_pct": 0.5,
      "pass": true
    },
    "sharpe": {
      "label": "Sharpe Ratio",
      "plaintext": 0.019492572260794608,
      "encrypted": 0.019494283168827748,
      "abs_error": 1.7109080331402515e-06,
      "rel_error_pct": 0.008777230681763441,
      "threshold_pct": 1.0,
      "pass": true
    },
    "var_95": {
      "label": "VaR 95% (parametric)",
      "plaintext": 0.01942987975063646,
      "encrypted": 0.02794662499874005,
      "abs_error": 0.008516745248103589,
      "rel_error_pct": 43.83323704213983,
      "threshold_pct": 0.5,
      "pass": false
    },
    "es_95_gaussian": {
      "label": "ES 95% (Gaussian)",
      "plaintext": 0.02446585650259821,
      "encrypted": 0.035146198639850024,
      "abs_error": 0.010680342137251813,
      "rel_error_pct": 43.654070055193955,
      "threshold_pct": 0.5,
      "pass": false
    },
    "ann_sharpe": {
      "label": "Annualised Sharpe",
      "plaintext": 0.3094349916901116,
      "encrypted": 0.3094621515131424,
      "abs_error": 2.7159823030753483e-05,
      "rel_error_pct": 0.008777230681768604,
      "threshold_pct": 1.0,
      "pass": true
    },
    "crc_max_delta_pct": 9.592326932761353e-14,
    "overall_gate": true,
    "summary": "\u2713 CKKS encryption is accurate \u2014 all metrics within tolerance"
  },
  "overall_pass": true
}