{
  "tickers": [
    "AAPL",
    "ABT",
    "BAC",
    "CVX",
    "GS",
    "INTC",
    "JNJ",
    "JPM",
    "KO",
    "MCD",
    "MSFT",
    "PFE",
    "PG",
    "WMT",
    "XOM"
  ],
  "factor_columns": [
    "AAPL",
    "ABT",
    "BAC",
    "CVX",
    "GS",
    "INTC",
    "JNJ",
    "JPM",
    "KO",
    "MCD",
    "MSFT",
    "PFE",
    "PG",
    "WMT",
    "XOM"
  ],
  "mean_R2": 0.49222875254899384,
  "per_asset_R2": {
    "AAPL": 0.7963558622534428,
    "ABT": 0.5603609204556892,
    "BAC": 0.6464435570257655,
    "CVX": 0.46281844985106024,
    "GS": 0.6718442118641106,
    "INTC": 0.5647480730842145,
    "JNJ": 0.26073951063736056,
    "JPM": 0.6064817446512023,
    "KO": 0.4205184293145874,
    "MCD": 0.4002399799197619,
    "MSFT": 0.8191408792382472,
    "PFE": 0.2681616024443052,
    "PG": 0.3011927090037453,
    "WMT": 0.16873259118341577,
    "XOM": 0.4356527673079995
  },
  "annualised_return": {
    "AAPL": 0.272821890720996,
    "ABT": 0.11203242307216704,
    "BAC": 0.002977257365546729,
    "CVX": 0.10754887854694382,
    "GS": 0.07989989993785096,
    "INTC": 0.03603310055737508,
    "JNJ": 0.08572736001576337,
    "JPM": 0.09551484741904587,
    "KO": 0.09251961106922309,
    "MCD": 0.14547034513931834,
    "MSFT": 0.1414539132431548,
    "PFE": 0.07905979675511991,
    "PG": 0.08427034517825094,
    "WMT": 0.07556420643901576,
    "XOM": 0.07710971354645983
  },
  "annualised_vol": {
    "AAPL": 0.331303587536717,
    "ABT": 0.22080798173095376,
    "BAC": 0.4806500177530585,
    "CVX": 0.29141558057016786,
    "GS": 0.35677030182538544,
    "INTC": 0.31122171300245394,
    "JNJ": 0.17203014574271955,
    "JPM": 0.37376653479014765,
    "KO": 0.18602238071543958,
    "MCD": 0.2044741748332708,
    "MSFT": 0.27551681932838795,
    "PFE": 0.23221039261876034,
    "PG": 0.1835244741681281,
    "WMT": 0.2039250180859428,
    "XOM": 0.27013481035348363
  },
  "equal_weight_vol_annual": 0.1913
}