{
  "classical_plaintext": {
    "mode": "classical_plaintext",
    "runtime_ms": 1.9311670330353081,
    "variance": 0.00020764979758148866,
    "sigma_p": 0.014410058902776513,
    "mu_p": 0.0008407700075529388,
    "VaR_95": 0.022861667643263372,
    "ES_gaussian": -0.03056458306324645,
    "ES_historical": 0.03342992091296263,
    "sharpe": 0.04733081616282397,
    "MRC": [
      0.019409315012349816,
      0.006464893950245782,
      0.013466784944257498,
      0.00883740923004095,
      0.01153546433388418,
      0.010845745204405904,
      0.004891999516616212,
      0.011769979538467538,
      0.005551553103591224,
      0.008941099448408847,
      0.010482432658825383,
      0.006032092800405995,
      0.005362597264704982,
      0.0051463848139607984,
      0.007712877798367457
    ],
    "CRC": [
      0.010319082647094994,
      0.00025202703111461326,
      0.0,
      0.0,
      0.0,
      0.0,
      0.0,
      0.0,
      1.1767156604063296e-19,
      0.0038389492245669054,
      0.0,
      0.0,
      0.0,
      0.0,
      0.0
    ],
    "CRC_pct": [
      0.716102738837988,
      0.01748966002255917,
      0.0,
      0.0,
      0.0,
      0.0,
      0.0,
      0.0,
      8.165932341744983e-18,
      0.2664076011394527,
      0.0,
      0.0,
      0.0,
      0.0,
      0.0
    ]
  },
  "classical_encrypted": {
    "mode": "classical_encrypted",
    "runtime_ms": 5662.308607017621,
    "timing": {
      "context_build_ms": 845.7781380275264,
      "encryption_ms": 2313.106342975516,
      "carol_evaluation_ms": 2473.37060701102,
      "decryption_ms": 14.87237896071747
    },
    "variance": 0.00020764912048803393,
    "sigma_p": 0.014410035408979185,
    "mu_p": 0.0008407700075529388,
    "VaR_95": 0.022861628999405626,
    "ES_gaussian": -0.030564534602289802,
    "ES_historical": 0.03342992091296263,
    "sharpe": 0.04733089332992112,
    "MRC": [
      0.019409346656860064,
      0.006464904490463339,
      0.013466806900200502,
      0.008837423638354009,
      0.011535483141045539,
      0.010845762887064722,
      0.004892007492422094,
      0.011769998727977208,
      0.005551562154718426,
      0.008941114025776103,
      0.010482449749147606,
      0.0060321026349943,
      0.005362606007762838,
      0.0051463932045107425,
      0.007712890373269785
    ],
    "CRC": [
      0.010319099471095036,
      0.00025202744201381107,
      0.0,
      0.0,
      0.0,
      0.0,
      0.0,
      0.0,
      1.1767175788970518e-19,
      0.0038389554835032975,
      0.0,
      0.0,
      0.0,
      0.0,
      0.0
    ],
    "CRC_pct": [
      0.716102738837988,
      0.01748966002255917,
      0.0,
      0.0,
      0.0,
      0.0,
      0.0,
      0.0,
      8.165932341744983e-18,
      0.2664076011394527,
      0.0,
      0.0,
      0.0,
      0.0,
      0.0
    ]
  },
  "comparison": {
    "variance_absolute_error": 6.770934547360632e-10,
    "variance_relative_error_pct": 0.0003260747001067262,
    "sharpe_delta": 7.716709714972181e-08,
    "VaR_delta": -3.864385774571266e-08,
    "fhe_overhead_ms": 5660.377439984586
  }
}