{
  "generated_at": "2026-04-09T17:44:12.826682",
  "portfolio_state": "live",
  "tickers": [
    "AAPL",
    "ABT",
    "BAC",
    "CVX",
    "GS",
    "INTC",
    "JNJ",
    "JPM",
    "KO",
    "MCD",
    "MSFT",
    "PFE",
    "PG",
    "WMT",
    "XOM"
  ],
  "weights": {
    "AAPL": 0.0,
    "ABT": 0.0,
    "BAC": 0.0,
    "CVX": 0.0,
    "GS": 0.364743,
    "INTC": 0.333022,
    "JNJ": 0.302235,
    "JPM": 0.0,
    "KO": 0.0,
    "MCD": 0.0,
    "MSFT": 0.0,
    "PFE": 0.0,
    "PG": 0.0,
    "WMT": 0.0,
    "XOM": 0.0
  },
  "inputs": {
    "mu_p_daily": 0.0031059920634920637,
    "sigma_p_daily": 0.017989,
    "ann_return_pct": 78.271,
    "ann_vol_pct": 28.557
  },
  "monte_carlo": {
    "n_paths": 10000,
    "horizon": 252,
    "runtime_sec": 4.558,
    "checkpoints": {
      "21d": {
        "horizon_days": 21,
        "horizon_label": "21d (~1 month)",
        "mean": 1.0675610707906698,
        "median": 1.0631753148593406,
        "std": 0.08842752375719422,
        "percentiles": {
          "p5": 0.9296537339077725,
          "p25": 1.0069173729828467,
          "p75": 1.124590859856235,
          "p95": 1.2217448075787638
        },
        "prob_gain": 0.7768,
        "prob_loss_10pct": 0.0215,
        "prob_loss_20pct": 0.0003,
        "var_95": 0.9296537339077725,
        "expected_shortfall_95": 0.8972882046890095
      },
      "63d": {
        "horizon_days": 63,
        "horizon_label": "63d (~3 months)",
        "mean": 1.2165351126053439,
        "median": 1.2040533979213563,
        "std": 0.17330853560702272,
        "percentiles": {
          "p5": 0.953817564120125,
          "p25": 1.094318207808735,
          "p75": 1.3231679447609686,
          "p95": 1.5209222206952968
        },
        "prob_gain": 0.9069,
        "prob_loss_10pct": 0.0216,
        "prob_loss_20pct": 0.0025,
        "var_95": 0.953817564120125,
        "expected_shortfall_95": 0.897314438456787
      },
      "126d": {
        "horizon_days": 126,
        "horizon_label": "126d (~6 months)",
        "mean": 1.483252729190558,
        "median": 1.4504124272378285,
        "std": 0.3026887454828505,
        "percentiles": {
          "p5": 1.0434014910613427,
          "p25": 1.2695008906856353,
          "p75": 1.668010646997748,
          "p95": 2.0316865476972192
        },
        "prob_gain": 0.9684,
        "prob_loss_10pct": 0.01,
        "prob_loss_20pct": 0.0016,
        "var_95": 1.0434014910613427,
        "expected_shortfall_95": 0.9619467177936706
      },
      "252d": {
        "horizon_days": 252,
        "horizon_label": "252d (~12 months)",
        "mean": 2.195489005762544,
        "median": 2.1038033155737326,
        "std": 0.6409905685239532,
        "percentiles": {
          "p5": 1.324888869663727,
          "p25": 1.7390958972611779,
          "p75": 2.5550685107319193,
          "p95": 3.3980499108496804
        },
        "prob_gain": 0.997,
        "prob_loss_10pct": 0.0006,
        "prob_loss_20pct": 0.0001,
        "var_95": 1.324888869663727,
        "expected_shortfall_95": 1.1917390091432813
      }
    },
    "bands": {
      "p5": [
        1.0,
        0.9510973928407667,
        0.9383887504071214,
        0.9304913900006176,
        0.9288124311450675,
        0.9255485811373058,
        0.927338419521307,
        0.9282093902058041,
        0.9312809196880335,
        0.9334623665675248,
        0.9395831260948573,
        0.9452903783589641,
        0.9496908322805064,
        0.9555478923111365,
        0.9624861050984324,
        0.9653614205642556,
        0.9715850663310817,
        0.9772302218598449,
        0.9854208152893241,
        0.9958585529687053,
        1.0019286452592935,
        1.0104039673916871,
        1.0171017250915773,
        1.0233557296350446,
        1.0308775943398445,
        1.0396928859495302,
        1.0480796747934584,
        1.0630429472148606,
        1.0706243842462113,
        1.0791616196398985,
        1.0873768386171998,
        1.0970927560065293,
        1.1051938322280026,
        1.1173616985200534,
        1.1263195387188767,
        1.1421706641783482,
        1.1507847950641932,
        1.1569947682507948,
        1.168525672419067,
        1.1808438715793788,
        1.1960196188479981,
        1.2087853071120642,
        1.2265576743847926,
        1.2358037010596978,
        1.2482985750700248,
        1.2588021545229424,
        1.2659938489886013,
        1.2824036461016717,
        1.2922490950835663,
        1.3025776547806298,
        1.3217742971293784
      ],
      "p25": [
        1.0,
        0.9876307645983085,
        0.9917041612458903,
        0.9974016594839419,
        1.0048388992665314,
        1.0130918129163455,
        1.02218120008281,
        1.0309434707701237,
        1.042046458041015,
        1.0529992035133742,
        1.063053364538842,
        1.0740596954412243,
        1.086862952575073,
        1.0996739042161587,
        1.1113153287078605,
        1.1208633281239215,
        1.1364603158818656,
        1.1468830050929275,
        1.1613324770237965,
        1.1743921685874075,
        1.1910734350007706,
        1.2031375853541941,
        1.2189759014516854,
        1.2335802378335567,
        1.2507362191287643,
        1.2659504259431595,
        1.2828813985251326,
        1.2970747286382736,
        1.3182776165770256,
        1.331156713849335,
        1.3494275273023482,
        1.363886973026942,
        1.3813815443542174,
        1.3962233590449966,
        1.4126412558812242,
        1.4338494734187057,
        1.4532069509032148,
        1.4715646864300478,
        1.4875511875805152,
        1.5042498552908152,
        1.526786691036926,
        1.5450650459767004,
        1.5635869003312102,
        1.5825368006900868,
        1.6037323082552626,
        1.628504223517152,
        1.6454377617241227,
        1.6644112464792307,
        1.6903585912891526,
        1.7094220108267997,
        1.7301544710053032
      ],
      "p75": [
        1.0,
        1.0419766548664775,
        1.0679540736717668,
        1.0942249426058943,
        1.1195233619996796,
        1.1428574947650296,
        1.1675146365126061,
        1.1954708086817205,
        1.2157421589041832,
        1.2402215510396377,
        1.2636415001255945,
        1.2865040607315301,
        1.3092827323093168,
        1.3356167657409963,
        1.361072794117617,
        1.3852461324302359,
        1.4136750985014834,
        1.4387160478710461,
        1.4646840738449933,
        1.490846025985553,
        1.5164348495332658,
        1.5454965703592767,
        1.5717547475228386,
        1.6030775313309575,
        1.6296363763892021,
        1.660694975336654,
        1.6837761672218625,
        1.7149949208530257,
        1.7471828290866704,
        1.7740903130982697,
        1.8062666195501627,
        1.8392886311988486,
        1.8732357075672574,
        1.9037894244740332,
        1.939832540548069,
        1.9723119498359356,
        2.0023704591940916,
        2.036233633745958,
        2.076349115367595,
        2.1098916386248954,
        2.1517308733238956,
        2.185985159902672,
        2.2178149967297647,
        2.2585342510727413,
        2.2945632644058116,
        2.3386085447144245,
        2.3759349341525935,
        2.4193587985160407,
        2.456845849646011,
        2.50031150297161,
        2.5370911284856996
      ],