{
  "mean": [
    0.0010826265504801456,
    0.0004445731074292367,
    1.1814513355344188e-05,
    0.0004267812640751769,
    0.00031706309499147326,
    0.0001429884942752999,
    0.0003401879365704914,
    0.000379027172297802,
    0.00036714131376676124,
    0.0005772632743623785,
    0.000561325052552204,
    0.0003137293522028565,
    0.000334406131659728,
    0.00029985796205958857,
    0.0003059909267716678,
    0.00037445916114790286,
    1.066225165562913e-05,
    2.8697571743931715e-07,
    19.478291390728476,
    1.3081920529801325,
    1.1517593818984546
  ],
  "scale": [
    0.020867860634277348,
    0.013908060048359552,
    0.03027476297165708,
    0.018355429735035178,
    0.02247193576228964,
    0.01960296108347003,
    0.010835684373190322,
    0.023542479620427183,
    0.011717015032914684,
    0.012879240504018608,
    0.017354012466004418,
    0.014626265133522246,
    0.011559679079826135,
    0.0128446506990762,
    0.017015015191463024,
    0.012569344737723977,
    0.006114487464748474,
    0.00806229402258485,
    9.133090803913577,
    1.6596246878122796,
    0.8868583185618022
  ],
  "columns": [
    "AAPL",
    "ABT",
    "BAC",
    "CVX",
    "GS",
    "INTC",
    "JNJ",
    "JPM",
    "KO",
    "MCD",
    "MSFT",
    "PFE",
    "PG",
    "WMT",
    "XOM",
    "Mkt-RF",
    "SMB",
    "HML",
    "VIX",
    "FFR",
    "yield_spread"
  ],
  "clip": 3.0
}